5/19/2016,1795051493,Ruì,Alpe,61089 Veith Avenue,Erdman Group
3/4/2017,5309482261,Åsa,Moscrop,5 Clove Crossing,"Wilderman, Johnson and Rosenbaum"
9/10/2016,9269176967,Inès,Normansell,630 Shoshone Point,Rempel Group
10/1/2016,7828577680,Bérangère,Farnon,40 Holy Cross Point,Prohaska and Sons
1/21/2017,9718596062,Bérangère,Drinkwater,97 Marcy Park,"Braun, Crooks and Cormier"
3/19/2017,9684817746,Personnalisée,McLeod,813 Novick Center,Bergstrom LLC
11/14/2016,9045506092,Valérie,Zanussii,73 Northview Park,Abernathy LLC
8/23/2016,1898668000,Simplifiés,Bonnyson,2235 Tennessee Avenue,Kovacek-West
2/7/2017,9914397468,Josée,Hattigan,4276 Knutson Hill,Bechtelar Inc
4/2/2017,8536330244,Vénus,Collibear,73410 Michigan Terrace,"Boyer, Zboncak and Buckridge"
7/6/2016,5170212313,Mélia,Crittal,3 7th Circle,"Ritchie, McDermott and Gutkowski"
5/1/2017,3490322126,Adélaïde,Astill,5 Bashford Plaza,Stamm and Sons
7/16/2016,0402418204,Clémentine,Bello,89386 Atwood Terrace,Cummings and Sons
9/25/2016,9625223614,Clélia,Bromfield,2411 Muir Street,Steuber-Witting
7/17/2016,2150595346,Léane,Druhan,7507 6th Trail,Ziemann LLC
5/12/2016,2600044930,Méthode,Oades,8198 Kennedy Pass,"Lang, Carroll and Kris"
8/5/2016,8038243285,Sòng,Greir,7 Ludington Alley,Quigley Group
6/4/2016,8995376848,Maëlys,Murkus,66 Charing Cross Way,"Langosh, Hand and Ratke"
1/23/2017,3374499430,Vénus,Haffenden,04680 Porter Circle,Price Group
9/9/2016,0833575473,Yáo,Gateshill,6496 Hanson Junction,Boyle Inc
2/27/2017,6256547128,Camélia,Housiaux,30932 Forest Park,"Waelchi, Hills and Weber"
7/13/2016,1547494182,Maëlla,Courvert,0 Messerschmidt Trail,Goodwin LLC
11/14/2016,5512787683,Maïté,Moret,89 Oneill Park,"Anderson, Sawayn and Simonis"
11/17/2016,2051187738,Renée,Conningham,623 Anderson Terrace,Hettinger LLC
6/12/2016,5643317508,Célestine,Balm,13 Comanche Point,"Schulist, Funk and Stracke"
