5/16/2016,3967669467,Mélissandre,Yegorovnin,4464 Mockingbird Circle,Frami Inc
10/14/2016,7943579879,Léonore,Atty,93 Huxley Parkway,Zulauf and Sons
7/12/2016,9246414012,Anaïs,Carslaw,570 Golf View Drive,Parisian-Thiel
10/2/2016,6558512696,Crééz,Adamovitch,1293 Forest Run Court,"Schimmel, Bayer and Volkman"
2/19/2017,3785444982,Bérangère,Haggis,3154 Fremont Crossing,"Bartoletti, Rohan and Ankunding"
10/23/2016,7569846516,Kallisté,Fransson,87263 Meadow Vale Terrace,MacGyver-Homenick
4/29/2017,9732391251,Réjane,Heaslip,82373 Hudson Pass,Trantow-Haag
1/2/2017,4074318148,Clélia,Liddle,191 Mitchell Park,"Kovacek, Wisoky and Murphy"
9/15/2016,9604169564,Félicie,Portsmouth,53 Warner Terrace,Prohaska and Sons
10/31/2016,3555207520,Miléna,Sandham,43985 Sycamore Park,Jacobson LLC
7/28/2016,7954688933,Véronique,Shovel,83045 Bayside Court,"Lynch, Nienow and Murphy"
3/13/2017,6025641676,Lài,Bedell,49 Sugar Drive,Jast Inc
6/1/2016,4545915892,Ruò,Snowman,1965 Graceland Alley,Becker-Emard
3/14/2017,9885515879,Tán,Kingsnode,85 Jackson Hill,"Torphy, Goldner and Kuhlman"
1/22/2017,3011798311,Béatrice,Lownds,0 Becker Terrace,"Halvorson, Wyman and Christiansen"
8/1/2016,5112527749,Alizée,Waycot,06 Mcbride Terrace,Ledner Inc
2/19/2017,6832233507,Aurélie,Mecchi,9577 Bartillon Terrace,Rogahn-Runolfsdottir
11/19/2016,4740232774,Cinéma,O'Hagerty,23580 Hermina Place,Heathcote and Sons
12/28/2016,0875358969,Björn,Epton,859 Comanche Parkway,"McKenzie, Metz and Hackett"
2/5/2017,1279636386,Yú,Seadon,5188 Old Shore Park,Romaguera-Bednar
7/12/2016,2224739729,Simplifiés,Rispen,98448 Packers Plaza,"Herzog, Mitchell and Dibbert"
10/3/2016,8885760538,Lorène,Clulee,08693 Columbus Pass,Mitchell-Prosacco
5/29/2016,5433223310,Vénus,Cowdray,37 Sundown Park,Yost-Reilly
12/10/2016,1328898954,Simplifiés,Kelcey,80 Thierer Hill,"Balistreri, Miller and Rempel"
7/4/2016,5572898287,Marie-ève,Beddoe,76478 South Street,Treutel-McLaughlin
